runtime,l1_error,l2_error,rel_error
3.714636349678039551e+01,9.038102613774534350e-04,1.282563796508553046e-06,5.080489001689430378e-03
