runtime,l1_error,l2_error,rel_error
1.021459615230560303e+02,3.590818639179728638e-03,2.164057078427684410e-05,6.678504777503571112e-03
