runtime,l1_error,l2_error,rel_error
3.169574522972106934e+01,1.397065512342813860e-03,5.071087007180954631e-06,3.031286519243282795e-02
