runtime,l1_error,l2_error,rel_error
1.177194056510925293e+02,3.569084423864733822e-03,1.732199928294906745e-05,1.148695699093222472e-02
