runtime,l1_error,l2_error,rel_error
1.120985014438629150e+02,5.818322786501160110e-03,3.888874800693555033e-05,2.710858648498957330e-02
